# Team 0: AllInAgent, Team 1: PlayerAgent
hand_number,street,active_team,team_0_bankroll,team_1_bankroll,action_type,action_amount,team_0_cards,team_1_cards,board_cards,team_0_discarded,team_1_discarded,team_0_bet,team_1_bet
0,Pre-Flop,0,0,0,RAISE,98,"['6s', 'As']","['4h', '9h']","['Ah', '3h']",,,1,1
0,Pre-Flop,1,0,0,DISCARD,0,"['6s', 'As']","['4h', '9h']","['Ah', '3h']",,,2,2
0,Pre-Flop,1,0,0,CALL,0,"['6s', 'As']","['9s', '9h']","['Ah', '3h']",,4h,2,2
0,Flop,0,0,0,CHECK,0,"['6s', 'As']","['9s', '9h']","['Ah', '3h', '8s']",,4h,100,100
0,Flop,1,0,0,CHECK,0,"['6s', 'As']","['9s', '9h']","['Ah', '3h', '8s']",,4h,100,100
0,Turn,0,0,0,CHECK,0,"['6s', 'As']","['9s', '9h']","['Ah', '3h', '8s', '7h']",,4h,100,100
0,Turn,1,0,0,CHECK,0,"['6s', 'As']","['9s', '9h']","['Ah', '3h', '8s', '7h']",,4h,100,100
0,River,0,0,0,CHECK,0,"['6s', 'As']","['9s', '9h']","['Ah', '3h', '8s', '7h', 'Ad']",,4h,100,100
0,River,1,0,0,CHECK,0,"['6s', 'As']","['9s', '9h']","['Ah', '3h', '8s', '7h', 'Ad']",,4h,100,100
1,Pre-Flop,1,100,-100,DISCARD,0,"['3s', '8d']","['7s', '6d']","['5d', '9d']",,,1,1
1,Pre-Flop,1,100,-100,CALL,0,"['3s', '8d']","['2h', '6d']","['5d', '9d']",,7s,1,1
1,Pre-Flop,0,100,-100,RAISE,98,"['3s', '8d']","['2h', '6d']","['5d', '9d']",,7s,2,2
1,Pre-Flop,1,100,-100,CALL,0,"['3s', '8d']","['2h', '6d']","['5d', '9d']",,7s,2,2
1,Flop,1,100,-100,CHECK,0,"['3s', '8d']","['2h', '6d']","['5d', '9d', '4h']",,7s,100,100
1,Flop,0,100,-100,CHECK,0,"['3s', '8d']","['2h', '6d']","['5d', '9d', '4h']",,7s,100,100
1,Turn,1,100,-100,CHECK,0,"['3s', '8d']","['2h', '6d']","['5d', '9d', '4h', 'As']",,7s,100,100
1,Turn,0,100,-100,CHECK,0,"['3s', '8d']","['2h', '6d']","['5d', '9d', '4h', 'As']",,7s,100,100
1,River,1,100,-100,CHECK,0,"['3s', '8d']","['2h', '6d']","['5d', '9d', '4h', 'As', '7d']",,7s,100,100
1,River,0,100,-100,CHECK,0,"['3s', '8d']","['2h', '6d']","['5d', '9d', '4h', 'As', '7d']",,7s,100,100
2,Pre-Flop,0,200,-200,RAISE,98,"['6d', '8s']","['2d', '4h']","['9s', 'Ah']",,,1,1
2,Pre-Flop,1,200,-200,DISCARD,0,"['6d', '8s']","['2d', '4h']","['9s', 'Ah']",,,2,2
2,Pre-Flop,1,200,-200,CALL,0,"['6d', '8s']","['2d', '2s']","['9s', 'Ah']",,4h,2,2
2,Flop,0,200,-200,CHECK,0,"['6d', '8s']","['2d', '2s']","['9s', 'Ah', '8h']",,4h,100,100
2,Flop,1,200,-200,CHECK,0,"['6d', '8s']","['2d', '2s']","['9s', 'Ah', '8h']",,4h,100,100
2,Turn,0,200,-200,CHECK,0,"['6d', '8s']","['2d', '2s']","['9s', 'Ah', '8h', '6h']",,4h,100,100
2,Turn,1,200,-200,CHECK,0,"['6d', '8s']","['2d', '2s']","['9s', 'Ah', '8h', '6h']",,4h,100,100
2,River,0,200,-200,CHECK,0,"['6d', '8s']","['2d', '2s']","['9s', 'Ah', '8h', '6h', '5h']",,4h,100,100
2,River,1,200,-200,CHECK,0,"['6d', '8s']","['2d', '2s']","['9s', 'Ah', '8h', '6h', '5h']",,4h,100,100
3,Pre-Flop,1,300,-300,DISCARD,0,"['2s', '8h']","['7d', '5h']","['8s', '5d']",,,1,1
3,Pre-Flop,1,300,-300,CALL,0,"['2s', '8h']","['3h', '5h']","['8s', '5d']",,7d,1,1
3,Pre-Flop,0,300,-300,RAISE,98,"['2s', '8h']","['3h', '5h']","['8s', '5d']",,7d,2,2
3,Pre-Flop,1,300,-300,CALL,0,"['2s', '8h']","['3h', '5h']","['8s', '5d']",,7d,2,2
3,Flop,1,300,-300,CHECK,0,"['2s', '8h']","['3h', '5h']","['8s', '5d', '3s']",,7d,100,100
3,Flop,0,300,-300,CHECK,0,"['2s', '8h']","['3h', '5h']","['8s', '5d', '3s']",,7d,100,100
3,Turn,1,300,-300,CHECK,0,"['2s', '8h']","['3h', '5h']","['8s', '5d', '3s', 'As']",,7d,100,100
3,Turn,0,300,-300,CHECK,0,"['2s', '8h']","['3h', '5h']","['8s', '5d', '3s', 'As']",,7d,100,100
3,River,1,300,-300,CHECK,0,"['2s', '8h']","['3h', '5h']","['8s', '5d', '3s', 'As', '7s']",,7d,100,100
3,River,0,300,-300,CHECK,0,"['2s', '8h']","['3h', '5h']","['8s', '5d', '3s', 'As', '7s']",,7d,100,100
4,Pre-Flop,0,400,-400,RAISE,98,"['5d', '4s']","['3d', '3h']","['5h', '4h']",,,1,1
4,Pre-Flop,1,400,-400,DISCARD,0,"['5d', '4s']","['3d', '3h']","['5h', '4h']",,,2,2
4,Pre-Flop,1,400,-400,CALL,0,"['5d', '4s']","['6s', '3h']","['5h', '4h']",,3d,2,2
4,Flop,0,400,-400,CHECK,0,"['5d', '4s']","['6s', '3h']","['5h', '4h', '6h']",,3d,100,100
4,Flop,1,400,-400,CHECK,0,"['5d', '4s']","['6s', '3h']","['5h', '4h', '6h']",,3d,100,100
4,Turn,0,400,-400,CHECK,0,"['5d', '4s']","['6s', '3h']","['5h', '4h', '6h', 'As']",,3d,100,100
4,Turn,1,400,-400,CHECK,0,"['5d', '4s']","['6s', '3h']","['5h', '4h', '6h', 'As']",,3d,100,100
4,River,0,400,-400,CHECK,0,"['5d', '4s']","['6s', '3h']","['5h', '4h', '6h', 'As', '3s']",,3d,100,100
4,River,1,400,-400,CHECK,0,"['5d', '4s']","['6s', '3h']","['5h', '4h', '6h', 'As', '3s']",,3d,100,100
5,Pre-Flop,1,300,-300,DISCARD,0,"['9s', '9h']","['7h', 'Ah']","['2h', '4d']",,,1,1
5,Pre-Flop,1,300,-300,CALL,0,"['9s', '9h']","['7h', '6d']","['2h', '4d']",,Ah,1,1
5,Pre-Flop,0,300,-300,RAISE,98,"['9s', '9h']","['7h', '6d']","['2h', '4d']",,Ah,2,2
5,Pre-Flop,1,300,-300,CALL,0,"['9s', '9h']","['7h', '6d']","['2h', '4d']",,Ah,2,2
5,Flop,1,300,-300,CHECK,0,"['9s', '9h']","['7h', '6d']","['2h', '4d', '9d']",,Ah,100,100
5,Flop,0,300,-300,CHECK,0,"['9s', '9h']","['7h', '6d']","['2h', '4d', '9d']",,Ah,100,100
5,Turn,1,300,-300,CHECK,0,"['9s', '9h']","['7h', '6d']","['2h', '4d', '9d', 'Ad']",,Ah,100,100
5,Turn,0,300,-300,CHECK,0,"['9s', '9h']","['7h', '6d']","['2h', '4d', '9d', 'Ad']",,Ah,100,100
5,River,1,300,-300,CHECK,0,"['9s', '9h']","['7h', '6d']","['2h', '4d', '9d', 'Ad', '5h']",,Ah,100,100
5,River,0,300,-300,CHECK,0,"['9s', '9h']","['7h', '6d']","['2h', '4d', '9d', 'Ad', '5h']",,Ah,100,100
6,Pre-Flop,0,400,-400,RAISE,98,"['3d', '6d']","['2h', '9d']","['6h', 'Ad']",,,1,1
6,Pre-Flop,1,400,-400,DISCARD,0,"['3d', '6d']","['2h', '9d']","['6h', 'Ad']",,,2,2
6,Pre-Flop,1,400,-400,CALL,0,"['3d', '6d']","['8d', '9d']","['6h', 'Ad']",,2h,2,2
6,Flop,0,400,-400,CHECK,0,"['3d', '6d']","['8d', '9d']","['6h', 'Ad', '5h']",,2h,100,100
6,Flop,1,400,-400,CHECK,0,"['3d', '6d']","['8d', '9d']","['6h', 'Ad', '5h']",,2h,100,100
6,Turn,0,400,-400,CHECK,0,"['3d', '6d']","['8d', '9d']","['6h', 'Ad', '5h', '6s']",,2h,100,100
6,Turn,1,400,-400,CHECK,0,"['3d', '6d']","['8d', '9d']","['6h', 'Ad', '5h', '6s']",,2h,100,100
6,River,0,400,-400,CHECK,0,"['3d', '6d']","['8d', '9d']","['6h', 'Ad', '5h', '6s', 'As']",,2h,100,100
6,River,1,400,-400,CHECK,0,"['3d', '6d']","['8d', '9d']","['6h', 'Ad', '5h', '6s', 'As']",,2h,100,100
7,Pre-Flop,1,500,-500,DISCARD,0,"['6s', '8d']","['9s', '3h']","['2d', '5h']",,,1,1
7,Pre-Flop,1,500,-500,CALL,0,"['6s', '8d']","['9s', 'Ad']","['2d', '5h']",,3h,1,1
7,Pre-Flop,0,500,-500,RAISE,98,"['6s', '8d']","['9s', 'Ad']","['2d', '5h']",,3h,2,2
7,Pre-Flop,1,500,-500,CALL,0,"['6s', '8d']","['9s', 'Ad']","['2d', '5h']",,3h,2,2
7,Flop,1,500,-500,CHECK,0,"['6s', '8d']","['9s', 'Ad']","['2d', '5h', '9h']",,3h,100,100
7,Flop,0,500,-500,CHECK,0,"['6s', '8d']","['9s', 'Ad']","['2d', '5h', '9h']",,3h,100,100
7,Turn,1,500,-500,CHECK,0,"['6s', '8d']","['9s', 'Ad']","['2d', '5h', '9h', '2s']",,3h,100,100
7,Turn,0,500,-500,CHECK,0,"['6s', '8d']","['9s', 'Ad']","['2d', '5h', '9h', '2s']",,3h,100,100
7,River,1,500,-500,CHECK,0,"['6s', '8d']","['9s', 'Ad']","['2d', '5h', '9h', '2s', '6h']",,3h,100,100
7,River,0,500,-500,CHECK,0,"['6s', '8d']","['9s', 'Ad']","['2d', '5h', '9h', '2s', '6h']",,3h,100,100
8,Pre-Flop,0,400,-400,RAISE,98,"['2d', '9h']","['4s', '9d']","['4d', '6s']",,,1,1
8,Pre-Flop,1,400,-400,DISCARD,0,"['2d', '9h']","['4s', '9d']","['4d', '6s']",,,2,2
8,Pre-Flop,1,400,-400,CALL,0,"['2d', '9h']","['5h', '9d']","['4d', '6s']",,4s,2,2
8,Flop,0,400,-400,CHECK,0,"['2d', '9h']","['5h', '9d']","['4d', '6s', '7h']",,4s,100,100
8,Flop,1,400,-400,CHECK,0,"['2d', '9h']","['5h', '9d']","['4d', '6s', '7h']",,4s,100,100
8,Turn,0,400,-400,CHECK,0,"['2d', '9h']","['5h', '9d']","['4d', '6s', '7h', 'Ah']",,4s,100,100
8,Turn,1,400,-400,CHECK,0,"['2d', '9h']","['5h', '9d']","['4d', '6s', '7h', 'Ah']",,4s,100,100
8,River,0,400,-400,CHECK,0,"['2d', '9h']","['5h', '9d']","['4d', '6s', '7h', 'Ah', '9s']",,4s,100,100
8,River,1,400,-400,CHECK,0,"['2d', '9h']","['5h', '9d']","['4d', '6s', '7h', 'Ah', '9s']",,4s,100,100
9,Pre-Flop,1,400,-400,DISCARD,0,"['4d', 'Ad']","['7s', '8h']","['5h', 'As']",,,1,1
9,Pre-Flop,1,400,-400,CALL,0,"['4d', 'Ad']","['Ah', '8h']","['5h', 'As']",,7s,1,1
9,Pre-Flop,0,400,-400,RAISE,98,"['4d', 'Ad']","['Ah', '8h']","['5h', 'As']",,7s,2,2
9,Pre-Flop,1,400,-400,CALL,0,"['4d', 'Ad']","['Ah', '8h']","['5h', 'As']",,7s,2,2
9,Flop,1,400,-400,CHECK,0,"['4d', 'Ad']","['Ah', '8h']","['5h', 'As', '6h']",,7s,100,100
9,Flop,0,400,-400,CHECK,0,"['4d', 'Ad']","['Ah', '8h']","['5h', 'As', '6h']",,7s,100,100
9,Turn,1,400,-400,CHECK,0,"['4d', 'Ad']","['Ah', '8h']","['5h', 'As', '6h', '6d']",,7s,100,100
9,Turn,0,400,-400,CHECK,0,"['4d', 'Ad']","['Ah', '8h']","['5h', 'As', '6h', '6d']",,7s,100,100
9,River,1,400,-400,CHECK,0,"['4d', 'Ad']","['Ah', '8h']","['5h', 'As', '6h', '6d', '6s']",,7s,100,100
9,River,0,400,-400,CHECK,0,"['4d', 'Ad']","['Ah', '8h']","['5h', 'As', '6h', '6d', '6s']",,7s,100,100
10,Pre-Flop,0,400,-400,RAISE,98,"['8s', '6d']","['3h', '8d']","['7d', 'Ad']",,,1,1
10,Pre-Flop,1,400,-400,DISCARD,0,"['8s', '6d']","['3h', '8d']","['7d', 'Ad']",,,2,2
10,Pre-Flop,1,400,-400,CALL,0,"['8s', '6d']","['2s', '8d']","['7d', 'Ad']",,3h,2,2
10,Flop,0,400,-400,CHECK,0,"['8s', '6d']","['2s', '8d']","['7d', 'Ad', '5s']",,3h,100,100
10,Flop,1,400,-400,CHECK,0,"['8s', '6d']","['2s', '8d']","['7d', 'Ad', '5s']",,3h,100,100
10,Turn,0,400,-400,CHECK,0,"['8s', '6d']","['2s', '8d']","['7d', 'Ad', '5s', '3d']",,3h,100,100
10,Turn,1,400,-400,CHECK,0,"['8s', '6d']","['2s', '8d']","['7d', 'Ad', '5s', '3d']",,3h,100,100
10,River,0,400,-400,CHECK,0,"['8s', '6d']","['2s', '8d']","['7d', 'Ad', '5s', '3d', '5d']",,3h,100,100
10,River,1,400,-400,CHECK,0,"['8s', '6d']","['2s', '8d']","['7d', 'Ad', '5s', '3d', '5d']",,3h,100,100
11,Pre-Flop,1,300,-300,DISCARD,0,"['7s', '3d']","['5s', 'As']","['8d', '4h']",,,1,1
11,Pre-Flop,1,300,-300,CALL,0,"['7s', '3d']","['5h', 'As']","['8d', '4h']",,5s,1,1
11,Pre-Flop,0,300,-300,RAISE,98,"['7s', '3d']","['5h', 'As']","['8d', '4h']",,5s,2,2
11,Pre-Flop,1,300,-300,CALL,0,"['7s', '3d']","['5h', 'As']","['8d', '4h']",,5s,2,2
11,Flop,1,300,-300,CHECK,0,"['7s', '3d']","['5h', 'As']","['8d', '4h', 'Ah']",,5s,100,100
11,Flop,0,300,-300,CHECK,0,"['7s', '3d']","['5h', 'As']","['8d', '4h', 'Ah']",,5s,100,100
11,Turn,1,300,-300,CHECK,0,"['7s', '3d']","['5h', 'As']","['8d', '4h', 'Ah', '4d']",,5s,100,100
11,Turn,0,300,-300,CHECK,0,"['7s', '3d']","['5h', 'As']","['8d', '4h', 'Ah', '4d']",,5s,100,100
11,River,1,300,-300,CHECK,0,"['7s', '3d']","['5h', 'As']","['8d', '4h', 'Ah', '4d', '7d']",,5s,100,100
11,River,0,300,-300,CHECK,0,"['7s', '3d']","['5h', 'As']","['8d', '4h', 'Ah', '4d', '7d']",,5s,100,100
12,Pre-Flop,0,200,-200,RAISE,98,"['6s', '4d']","['4h', '3s']","['9h', '7d']",,,1,1
12,Pre-Flop,1,200,-200,DISCARD,0,"['6s', '4d']","['4h', '3s']","['9h', '7d']",,,2,2
12,Pre-Flop,1,200,-200,CALL,0,"['6s', '4d']","['9d', '3s']","['9h', '7d']",,4h,2,2
12,Flop,0,200,-200,CHECK,0,"['6s', '4d']","['9d', '3s']","['9h', '7d', '3h']",,4h,100,100
12,Flop,1,200,-200,CHECK,0,"['6s', '4d']","['9d', '3s']","['9h', '7d', '3h']",,4h,100,100
12,Turn,0,200,-200,CHECK,0,"['6s', '4d']","['9d', '3s']","['9h', '7d', '3h', '7s']",,4h,100,100
12,Turn,1,200,-200,CHECK,0,"['6s', '4d']","['9d', '3s']","['9h', '7d', '3h', '7s']",,4h,100,100
12,River,0,200,-200,CHECK,0,"['6s', '4d']","['9d', '3s']","['9h', '7d', '3h', '7s', '8h']",,4h,100,100
12,River,1,200,-200,CHECK,0,"['6s', '4d']","['9d', '3s']","['9h', '7d', '3h', '7s', '8h']",,4h,100,100
13,Pre-Flop,1,100,-100,DISCARD,0,"['2d', '4h']","['8h', '7d']","['6h', '2s']",,,1,1
13,Pre-Flop,1,100,-100,CALL,0,"['2d', '4h']","['8h', '3h']","['6h', '2s']",,7d,1,1
13,Pre-Flop,0,100,-100,RAISE,98,"['2d', '4h']","['8h', '3h']","['6h', '2s']",,7d,2,2
13,Pre-Flop,1,100,-100,CALL,0,"['2d', '4h']","['8h', '3h']","['6h', '2s']",,7d,2,2
13,Flop,1,100,-100,CHECK,0,"['2d', '4h']","['8h', '3h']","['6h', '2s', '5d']",,7d,100,100
13,Flop,0,100,-100,CHECK,0,"['2d', '4h']","['8h', '3h']","['6h', '2s', '5d']",,7d,100,100
13,Turn,1,100,-100,CHECK,0,"['2d', '4h']","['8h', '3h']","['6h', '2s', '5d', '4s']",,7d,100,100
13,Turn,0,100,-100,CHECK,0,"['2d', '4h']","['8h', '3h']","['6h', '2s', '5d', '4s']",,7d,100,100
13,River,1,100,-100,CHECK,0,"['2d', '4h']","['8h', '3h']","['6h', '2s', '5d', '4s', '8s']",,7d,100,100
13,River,0,100,-100,CHECK,0,"['2d', '4h']","['8h', '3h']","['6h', '2s', '5d', '4s', '8s']",,7d,100,100
14,Pre-Flop,0,0,0,RAISE,98,"['6s', '9h']","['8d', '7h']","['2h', '3d']",,,1,1
14,Pre-Flop,1,0,0,DISCARD,0,"['6s', '9h']","['8d', '7h']","['2h', '3d']",,,2,2
14,Pre-Flop,1,0,0,CALL,0,"['6s', '9h']","['4s', '7h']","['2h', '3d']",,8d,2,2
14,Flop,0,0,0,CHECK,0,"['6s', '9h']","['4s', '7h']","['2h', '3d', '2s']",,8d,100,100
14,Flop,1,0,0,CHECK,0,"['6s', '9h']","['4s', '7h']","['2h', '3d', '2s']",,8d,100,100
14,Turn,0,0,0,CHECK,0,"['6s', '9h']","['4s', '7h']","['2h', '3d', '2s', '5d']",,8d,100,100
14,Turn,1,0,0,CHECK,0,"['6s', '9h']","['4s', '7h']","['2h', '3d', '2s', '5d']",,8d,100,100
14,River,0,0,0,CHECK,0,"['6s', '9h']","['4s', '7h']","['2h', '3d', '2s', '5d', '6d']",,8d,100,100
14,River,1,0,0,CHECK,0,"['6s', '9h']","['4s', '7h']","['2h', '3d', '2s', '5d', '6d']",,8d,100,100
15,Pre-Flop,1,-100,100,DISCARD,0,"['Ah', '9d']","['3h', '6s']","['5s', '8h']",,,1,1
15,Pre-Flop,1,-100,100,CALL,0,"['Ah', '9d']","['4d', '6s']","['5s', '8h']",,3h,1,1
15,Pre-Flop,0,-100,100,RAISE,98,"['Ah', '9d']","['4d', '6s']","['5s', '8h']",,3h,2,2
15,Pre-Flop,1,-100,100,CALL,0,"['Ah', '9d']","['4d', '6s']","['5s', '8h']",,3h,2,2
15,Flop,1,-100,100,CHECK,0,"['Ah', '9d']","['4d', '6s']","['5s', '8h', '5d']",,3h,100,100
15,Flop,0,-100,100,CHECK,0,"['Ah', '9d']","['4d', '6s']","['5s', '8h', '5d']",,3h,100,100
15,Turn,1,-100,100,CHECK,0,"['Ah', '9d']","['4d', '6s']","['5s', '8h', '5d', '4s']",,3h,100,100
15,Turn,0,-100,100,CHECK,0,"['Ah', '9d']","['4d', '6s']","['5s', '8h', '5d', '4s']",,3h,100,100
15,River,1,-100,100,CHECK,0,"['Ah', '9d']","['4d', '6s']","['5s', '8h', '5d', '4s', '2s']",,3h,100,100
15,River,0,-100,100,CHECK,0,"['Ah', '9d']","['4d', '6s']","['5s', '8h', '5d', '4s', '2s']",,3h,100,100
16,Pre-Flop,0,-200,200,RAISE,98,"['2d', 'Ad']","['2h', '2s']","['5s', '6h']",,,1,1
16,Pre-Flop,1,-200,200,DISCARD,0,"['2d', 'Ad']","['2h', '2s']","['5s', '6h']",,,2,2
16,Pre-Flop,1,-200,200,CALL,0,"['2d', 'Ad']","['3h', '2s']","['5s', '6h']",,2h,2,2
16,Flop,0,-200,200,CHECK,0,"['2d', 'Ad']","['3h', '2s']","['5s', '6h', '8h']",,2h,100,100
16,Flop,1,-200,200,CHECK,0,"['2d', 'Ad']","['3h', '2s']","['5s', '6h', '8h']",,2h,100,100
16,Turn,0,-200,200,CHECK,0,"['2d', 'Ad']","['3h', '2s']","['5s', '6h', '8h', '4h']",,2h,100,100
16,Turn,1,-200,200,CHECK,0,"['2d', 'Ad']","['3h', '2s']","['5s', '6h', '8h', '4h']",,2h,100,100
16,River,0,-200,200,CHECK,0,"['2d', 'Ad']","['3h', '2s']","['5s', '6h', '8h', '4h', '6d']",,2h,100,100
16,River,1,-200,200,CHECK,0,"['2d', 'Ad']","['3h', '2s']","['5s', '6h', '8h', '4h', '6d']",,2h,100,100
17,Pre-Flop,1,-300,300,DISCARD,0,"['9d', '6h']","['5d', '2h']","['8d', '7d']",,,1,1
17,Pre-Flop,1,-300,300,CALL,0,"['9d', '6h']","['4d', '2h']","['8d', '7d']",,5d,1,1
17,Pre-Flop,0,-300,300,RAISE,98,"['9d', '6h']","['4d', '2h']","['8d', '7d']",,5d,2,2
17,Pre-Flop,1,-300,300,CALL,0,"['9d', '6h']","['4d', '2h']","['8d', '7d']",,5d,2,2
17,Flop,1,-300,300,CHECK,0,"['9d', '6h']","['4d', '2h']","['8d', '7d', '3h']",,5d,100,100
17,Flop,0,-300,300,CHECK,0,"['9d', '6h']","['4d', '2h']","['8d', '7d', '3h']",,5d,100,100
17,Turn,1,-300,300,CHECK,0,"['9d', '6h']","['4d', '2h']","['8d', '7d', '3h', '7s']",,5d,100,100
17,Turn,0,-300,300,CHECK,0,"['9d', '6h']","['4d', '2h']","['8d', '7d', '3h', '7s']",,5d,100,100
17,River,1,-300,300,CHECK,0,"['9d', '6h']","['4d', '2h']","['8d', '7d', '3h', '7s', 'As']",,5d,100,100
17,River,0,-300,300,CHECK,0,"['9d', '6h']","['4d', '2h']","['8d', '7d', '3h', '7s', 'As']",,5d,100,100
18,Pre-Flop,0,-200,200,RAISE,98,"['2d', '5s']","['3h', '6h']","['4s', 'Ah']",,,1,1
18,Pre-Flop,1,-200,200,DISCARD,0,"['2d', '5s']","['3h', '6h']","['4s', 'Ah']",,,2,2
18,Pre-Flop,1,-200,200,CALL,0,"['2d', '5s']","['3h', '4h']","['4s', 'Ah']",,6h,2,2
18,Flop,0,-200,200,CHECK,0,"['2d', '5s']","['3h', '4h']","['4s', 'Ah', '7h']",,6h,100,100
18,Flop,1,-200,200,CHECK,0,"['2d', '5s']","['3h', '4h']","['4s', 'Ah', '7h']",,6h,100,100
18,Turn,0,-200,200,CHECK,0,"['2d', '5s']","['3h', '4h']","['4s', 'Ah', '7h', '6d']",,6h,100,100
18,Turn,1,-200,200,CHECK,0,"['2d', '5s']","['3h', '4h']","['4s', 'Ah', '7h', '6d']",,6h,100,100
18,River,0,-200,200,CHECK,0,"['2d', '5s']","['3h', '4h']","['4s', 'Ah', '7h', '6d', '9d']",,6h,100,100
18,River,1,-200,200,CHECK,0,"['2d', '5s']","['3h', '4h']","['4s', 'Ah', '7h', '6d', '9d']",,6h,100,100
19,Pre-Flop,1,-300,300,DISCARD,0,"['As', 'Ad']","['5h', '7h']","['4s', '6h']",,,1,1
19,Pre-Flop,1,-300,300,CALL,0,"['As', 'Ad']","['2d', '7h']","['4s', '6h']",,5h,1,1
19,Pre-Flop,0,-300,300,RAISE,98,"['As', 'Ad']","['2d', '7h']","['4s', '6h']",,5h,2,2
19,Pre-Flop,1,-300,300,CALL,0,"['As', 'Ad']","['2d', '7h']","['4s', '6h']",,5h,2,2
19,Flop,1,-300,300,CHECK,0,"['As', 'Ad']","['2d', '7h']","['4s', '6h', '7s']",,5h,100,100
19,Flop,0,-300,300,CHECK,0,"['As', 'Ad']","['2d', '7h']","['4s', '6h', '7s']",,5h,100,100
19,Turn,1,-300,300,CHECK,0,"['As', 'Ad']","['2d', '7h']","['4s', '6h', '7s', '5d']",,5h,100,100
19,Turn,0,-300,300,CHECK,0,"['As', 'Ad']","['2d', '7h']","['4s', '6h', '7s', '5d']",,5h,100,100
19,River,1,-300,300,CHECK,0,"['As', 'Ad']","['2d', '7h']","['4s', '6h', '7s', '5d', '9s']",,5h,100,100
19,River,0,-300,300,CHECK,0,"['As', 'Ad']","['2d', '7h']","['4s', '6h', '7s', '5d', '9s']",,5h,100,100
20,Pre-Flop,0,-200,200,RAISE,98,"['4h', '7d']","['7s', '8s']","['Ah', '7h']",,,1,1
20,Pre-Flop,1,-200,200,DISCARD,0,"['4h', '7d']","['7s', '8s']","['Ah', '7h']",,,2,2
20,Pre-Flop,1,-200,200,CALL,0,"['4h', '7d']","['7s', '6h']","['Ah', '7h']",,8s,2,2
20,Flop,0,-200,200,CHECK,0,"['4h', '7d']","['7s', '6h']","['Ah', '7h', '4d']",,8s,100,100
20,Flop,1,-200,200,CHECK,0,"['4h', '7d']","['7s', '6h']","['Ah', '7h', '4d']",,8s,100,100
20,Turn,0,-200,200,CHECK,0,"['4h', '7d']","['7s', '6h']","['Ah', '7h', '4d', '9h']",,8s,100,100
20,Turn,1,-200,200,CHECK,0,"['4h', '7d']","['7s', '6h']","['Ah', '7h', '4d', '9h']",,8s,100,100
20,River,0,-200,200,CHECK,0,"['4h', '7d']","['7s', '6h']","['Ah', '7h', '4d', '9h', '3s']",,8s,100,100
20,River,1,-200,200,CHECK,0,"['4h', '7d']","['7s', '6h']","['Ah', '7h', '4d', '9h', '3s']",,8s,100,100
21,Pre-Flop,1,-100,100,DISCARD,0,"['8s', '3h']","['7s', '3s']","['2h', '6d']",,,1,1
21,Pre-Flop,1,-100,100,CALL,0,"['8s', '3h']","['7s', '9s']","['2h', '6d']",,3s,1,1
21,Pre-Flop,0,-100,100,RAISE,98,"['8s', '3h']","['7s', '9s']","['2h', '6d']",,3s,2,2
21,Pre-Flop,1,-100,100,CALL,0,"['8s', '3h']","['7s', '9s']","['2h', '6d']",,3s,2,2
21,Flop,1,-100,100,CHECK,0,"['8s', '3h']","['7s', '9s']","['2h', '6d', '7h']",,3s,100,100
21,Flop,0,-100,100,CHECK,0,"['8s', '3h']","['7s', '9s']","['2h', '6d', '7h']",,3s,100,100
21,Turn,1,-100,100,CHECK,0,"['8s', '3h']","['7s', '9s']","['2h', '6d', '7h', 'Ah']",,3s,100,100
21,Turn,0,-100,100,CHECK,0,"['8s', '3h']","['7s', '9s']","['2h', '6d', '7h', 'Ah']",,3s,100,100
21,River,1,-100,100,CHECK,0,"['8s', '3h']","['7s', '9s']","['2h', '6d', '7h', 'Ah', '4s']",,3s,100,100
21,River,0,-100,100,CHECK,0,"['8s', '3h']","['7s', '9s']","['2h', '6d', '7h', 'Ah', '4s']",,3s,100,100
22,Pre-Flop,0,-200,200,RAISE,98,"['3s', '6d']","['As', '9s']","['7d', '2d']",,,1,1
22,Pre-Flop,1,-200,200,DISCARD,0,"['3s', '6d']","['As', '9s']","['7d', '2d']",,,2,2
22,Pre-Flop,1,-200,200,CALL,0,"['3s', '6d']","['8h', '9s']","['7d', '2d']",,As,2,2
22,Flop,0,-200,200,CHECK,0,"['3s', '6d']","['8h', '9s']","['7d', '2d', '4h']",,As,100,100
22,Flop,1,-200,200,CHECK,0,"['3s', '6d']","['8h', '9s']","['7d', '2d', '4h']",,As,100,100
22,Turn,0,-200,200,CHECK,0,"['3s', '6d']","['8h', '9s']","['7d', '2d', '4h', '3d']",,As,100,100
22,Turn,1,-200,200,CHECK,0,"['3s', '6d']","['8h', '9s']","['7d', '2d', '4h', '3d']",,As,100,100
22,River,0,-200,200,CHECK,0,"['3s', '6d']","['8h', '9s']","['7d', '2d', '4h', '3d', '6s']",,As,100,100
22,River,1,-200,200,CHECK,0,"['3s', '6d']","['8h', '9s']","['7d', '2d', '4h', '3d', '6s']",,As,100,100
23,Pre-Flop,1,-100,100,DISCARD,0,"['2s', '2h']","['8d', '5d']","['3d', '6s']",,,1,1
23,Pre-Flop,1,-100,100,CALL,0,"['2s', '2h']","['8d', 'Ad']","['3d', '6s']",,5d,1,1
23,Pre-Flop,0,-100,100,RAISE,98,"['2s', '2h']","['8d', 'Ad']","['3d', '6s']",,5d,2,2
23,Pre-Flop,1,-100,100,CALL,0,"['2s', '2h']","['8d', 'Ad']","['3d', '6s']",,5d,2,2
23,Flop,1,-100,100,CHECK,0,"['2s', '2h']","['8d', 'Ad']","['3d', '6s', '2d']",,5d,100,100
23,Flop,0,-100,100,CHECK,0,"['2s', '2h']","['8d', 'Ad']","['3d', '6s', '2d']",,5d,100,100
23,Turn,1,-100,100,CHECK,0,"['2s', '2h']","['8d', 'Ad']","['3d', '6s', '2d', '8s']",,5d,100,100
23,Turn,0,-100,100,CHECK,0,"['2s', '2h']","['8d', 'Ad']","['3d', '6s', '2d', '8s']",,5d,100,100
23,River,1,-100,100,CHECK,0,"['2s', '2h']","['8d', 'Ad']","['3d', '6s', '2d', '8s', '7d']",,5d,100,100
23,River,0,-100,100,CHECK,0,"['2s', '2h']","['8d', 'Ad']","['3d', '6s', '2d', '8s', '7d']",,5d,100,100
24,Pre-Flop,0,-200,200,RAISE,98,"['9s', '4h']","['9h', '8s']","['4s', '2h']",,,1,1
24,Pre-Flop,1,-200,200,DISCARD,0,"['9s', '4h']","['9h', '8s']","['4s', '2h']",,,2,2
24,Pre-Flop,1,-200,200,CALL,0,"['9s', '4h']","['8d', '8s']","['4s', '2h']",,9h,2,2
24,Flop,0,-200,200,CHECK,0,"['9s', '4h']","['8d', '8s']","['4s', '2h', '9d']",,9h,100,100
24,Flop,1,-200,200,CHECK,0,"['9s', '4h']","['8d', '8s']","['4s', '2h', '9d']",,9h,100,100
24,Turn,0,-200,200,CHECK,0,"['9s', '4h']","['8d', '8s']","['4s', '2h', '9d', '5h']",,9h,100,100
24,Turn,1,-200,200,CHECK,0,"['9s', '4h']","['8d', '8s']","['4s', '2h', '9d', '5h']",,9h,100,100
24,River,0,-200,200,CHECK,0,"['9s', '4h']","['8d', '8s']","['4s', '2h', '9d', '5h', '6d']",,9h,100,100
24,River,1,-200,200,CHECK,0,"['9s', '4h']","['8d', '8s']","['4s', '2h', '9d', '5h', '6d']",,9h,100,100
25,Pre-Flop,1,-100,100,DISCARD,0,"['4h', '5s']","['3d', '8s']","['2d', '6h']",,,1,1
25,Pre-Flop,1,-100,100,CALL,0,"['4h', '5s']","['4d', '8s']","['2d', '6h']",,3d,1,1
25,Pre-Flop,0,-100,100,RAISE,98,"['4h', '5s']","['4d', '8s']","['2d', '6h']",,3d,2,2
25,Pre-Flop,1,-100,100,CALL,0,"['4h', '5s']","['4d', '8s']","['2d', '6h']",,3d,2,2
25,Flop,1,-100,100,CHECK,0,"['4h', '5s']","['4d', '8s']","['2d', '6h', '7d']",,3d,100,100
25,Flop,0,-100,100,CHECK,0,"['4h', '5s']","['4d', '8s']","['2d', '6h', '7d']",,3d,100,100
25,Turn,1,-100,100,CHECK,0,"['4h', '5s']","['4d', '8s']","['2d', '6h', '7d', 'As']",,3d,100,100
25,Turn,0,-100,100,CHECK,0,"['4h', '5s']","['4d', '8s']","['2d', '6h', '7d', 'As']",,3d,100,100
25,River,1,-100,100,CHECK,0,"['4h', '5s']","['4d', '8s']","['2d', '6h', '7d', 'As', '8d']",,3d,100,100
25,River,0,-100,100,CHECK,0,"['4h', '5s']","['4d', '8s']","['2d', '6h', '7d', 'As', '8d']",,3d,100,100
26,Pre-Flop,0,0,0,RAISE,98,"['3d', '9h']","['6h', '2s']","['6s', '2d']",,,1,1
26,Pre-Flop,1,0,0,DISCARD,0,"['3d', '9h']","['6h', '2s']","['6s', '2d']",,,2,2
26,Pre-Flop,1,0,0,CALL,0,"['3d', '9h']","['4h', '2s']","['6s', '2d']",,6h,2,2
26,Flop,0,0,0,CHECK,0,"['3d', '9h']","['4h', '2s']","['6s', '2d', '9d']",,6h,100,100
26,Flop,1,0,0,CHECK,0,"['3d', '9h']","['4h', '2s']","['6s', '2d', '9d']",,6h,100,100
26,Turn,0,0,0,CHECK,0,"['3d', '9h']","['4h', '2s']","['6s', '2d', '9d', '7d']",,6h,100,100
26,Turn,1,0,0,CHECK,0,"['3d', '9h']","['4h', '2s']","['6s', '2d', '9d', '7d']",,6h,100,100
26,River,0,0,0,CHECK,0,"['3d', '9h']","['4h', '2s']","['6s', '2d', '9d', '7d', 'Ah']",,6h,100,100
26,River,1,0,0,CHECK,0,"['3d', '9h']","['4h', '2s']","['6s', '2d', '9d', '7d', 'Ah']",,6h,100,100
27,Pre-Flop,1,100,-100,DISCARD,0,"['2s', 'As']","['5s', '5h']","['8h', '9h']",,,1,1
27,Pre-Flop,1,100,-100,CALL,0,"['2s', 'As']","['6h', '5h']","['8h', '9h']",,5s,1,1
27,Pre-Flop,0,100,-100,RAISE,98,"['2s', 'As']","['6h', '5h']","['8h', '9h']",,5s,2,2
27,Pre-Flop,1,100,-100,CALL,0,"['2s', 'As']","['6h', '5h']","['8h', '9h']",,5s,2,2
27,Flop,1,100,-100,CHECK,0,"['2s', 'As']","['6h', '5h']","['8h', '9h', '7d']",,5s,100,100
27,Flop,0,100,-100,CHECK,0,"['2s', 'As']","['6h', '5h']","['8h', '9h', '7d']",,5s,100,100
27,Turn,1,100,-100,CHECK,0,"['2s', 'As']","['6h', '5h']","['8h', '9h', '7d', '2d']",,5s,100,100
27,Turn,0,100,-100,CHECK,0,"['2s', 'As']","['6h', '5h']","['8h', '9h', '7d', '2d']",,5s,100,100
27,River,1,100,-100,CHECK,0,"['2s', 'As']","['6h', '5h']","['8h', '9h', '7d', '2d', '9s']",,5s,100,100
27,River,0,100,-100,CHECK,0,"['2s', 'As']","['6h', '5h']","['8h', '9h', '7d', '2d', '9s']",,5s,100,100
28,Pre-Flop,0,0,0,RAISE,98,"['8h', '3d']","['Ah', '9s']","['As', '9h']",,,1,1
28,Pre-Flop,1,0,0,DISCARD,0,"['8h', '3d']","['Ah', '9s']","['As', '9h']",,,2,2
28,Pre-Flop,1,0,0,CALL,0,"['8h', '3d']","['Ad', '9s']","['As', '9h']",,Ah,2,2
28,Flop,0,0,0,CHECK,0,"['8h', '3d']","['Ad', '9s']","['As', '9h', '8s']",,Ah,100,100
28,Flop,1,0,0,CHECK,0,"['8h', '3d']","['Ad', '9s']","['As', '9h', '8s']",,Ah,100,100
28,Turn,0,0,0,CHECK,0,"['8h', '3d']","['Ad', '9s']","['As', '9h', '8s', '6d']",,Ah,100,100
28,Turn,1,0,0,CHECK,0,"['8h', '3d']","['Ad', '9s']","['As', '9h', '8s', '6d']",,Ah,100,100
28,River,0,0,0,CHECK,0,"['8h', '3d']","['Ad', '9s']","['As', '9h', '8s', '6d', '5d']",,Ah,100,100
28,River,1,0,0,CHECK,0,"['8h', '3d']","['Ad', '9s']","['As', '9h', '8s', '6d', '5d']",,Ah,100,100
29,Pre-Flop,1,-100,100,DISCARD,0,"['8s', 'As']","['4h', '8d']","['3d', '9d']",,,1,1
29,Pre-Flop,1,-100,100,CALL,0,"['8s', 'As']","['7h', '8d']","['3d', '9d']",,4h,1,1
29,Pre-Flop,0,-100,100,RAISE,98,"['8s', 'As']","['7h', '8d']","['3d', '9d']",,4h,2,2
29,Pre-Flop,1,-100,100,CALL,0,"['8s', 'As']","['7h', '8d']","['3d', '9d']",,4h,2,2
29,Flop,1,-100,100,CHECK,0,"['8s', 'As']","['7h', '8d']","['3d', '9d', '6d']",,4h,100,100
29,Flop,0,-100,100,CHECK,0,"['8s', 'As']","['7h', '8d']","['3d', '9d', '6d']",,4h,100,100
29,Turn,1,-100,100,CHECK,0,"['8s', 'As']","['7h', '8d']","['3d', '9d', '6d', '6h']",,4h,100,100
29,Turn,0,-100,100,CHECK,0,"['8s', 'As']","['7h', '8d']","['3d', '9d', '6d', '6h']",,4h,100,100
29,River,1,-100,100,CHECK,0,"['8s', 'As']","['7h', '8d']","['3d', '9d', '6d', '6h', '7d']",,4h,100,100
29,River,0,-100,100,CHECK,0,"['8s', 'As']","['7h', '8d']","['3d', '9d', '6d', '6h', '7d']",,4h,100,100
30,Pre-Flop,0,-200,200,RAISE,98,"['5h', '7s']","['9s', 'As']","['7d', '3d']",,,1,1
30,Pre-Flop,1,-200,200,DISCARD,0,"['5h', '7s']","['9s', 'As']","['7d', '3d']",,,2,2
30,Pre-Flop,1,-200,200,CALL,0,"['5h', '7s']","['9s', '2h']","['7d', '3d']",,As,2,2
30,Flop,0,-200,200,CHECK,0,"['5h', '7s']","['9s', '2h']","['7d', '3d', '4d']",,As,100,100
30,Flop,1,-200,200,CHECK,0,"['5h', '7s']","['9s', '2h']","['7d', '3d', '4d']",,As,100,100
30,Turn,0,-200,200,CHECK,0,"['5h', '7s']","['9s', '2h']","['7d', '3d', '4d', '8s']",,As,100,100
30,Turn,1,-200,200,CHECK,0,"['5h', '7s']","['9s', '2h']","['7d', '3d', '4d', '8s']",,As,100,100
30,River,0,-200,200,CHECK,0,"['5h', '7s']","['9s', '2h']","['7d', '3d', '4d', '8s', '7h']",,As,100,100
30,River,1,-200,200,CHECK,0,"['5h', '7s']","['9s', '2h']","['7d', '3d', '4d', '8s', '7h']",,As,100,100
31,Pre-Flop,1,-100,100,DISCARD,0,"['5s', 'Ah']","['3s', '4h']","['7d', '2h']",,,1,1
31,Pre-Flop,1,-100,100,CALL,0,"['5s', 'Ah']","['3s', '9s']","['7d', '2h']",,4h,1,1
31,Pre-Flop,0,-100,100,RAISE,98,"['5s', 'Ah']","['3s', '9s']","['7d', '2h']",,4h,2,2
31,Pre-Flop,1,-100,100,CALL,0,"['5s', 'Ah']","['3s', '9s']","['7d', '2h']",,4h,2,2
31,Flop,1,-100,100,CHECK,0,"['5s', 'Ah']","['3s', '9s']","['7d', '2h', '3h']",,4h,100,100
31,Flop,0,-100,100,CHECK,0,"['5s', 'Ah']","['3s', '9s']","['7d', '2h', '3h']",,4h,100,100
31,Turn,1,-100,100,CHECK,0,"['5s', 'Ah']","['3s', '9s']","['7d', '2h', '3h', '6h']",,4h,100,100
31,Turn,0,-100,100,CHECK,0,"['5s', 'Ah']","['3s', '9s']","['7d', '2h', '3h', '6h']",,4h,100,100
31,River,1,-100,100,CHECK,0,"['5s', 'Ah']","['3s', '9s']","['7d', '2h', '3h', '6h', '9h']",,4h,100,100
31,River,0,-100,100,CHECK,0,"['5s', 'Ah']","['3s', '9s']","['7d', '2h', '3h', '6h', '9h']",,4h,100,100
32,Pre-Flop,0,0,0,RAISE,98,"['7s', '2s']","['4d', '6h']","['5d', '9h']",,,1,1
32,Pre-Flop,1,0,0,DISCARD,0,"['7s', '2s']","['4d', '6h']","['5d', '9h']",,,2,2
32,Pre-Flop,1,0,0,CALL,0,"['7s', '2s']","['4d', 'Ad']","['5d', '9h']",,6h,2,2
32,Flop,0,0,0,CHECK,0,"['7s', '2s']","['4d', 'Ad']","['5d', '9h', '7d']",,6h,100,100
32,Flop,1,0,0,CHECK,0,"['7s', '2s']","['4d', 'Ad']","['5d', '9h', '7d']",,6h,100,100
32,Turn,0,0,0,CHECK,0,"['7s', '2s']","['4d', 'Ad']","['5d', '9h', '7d', 'As']",,6h,100,100
32,Turn,1,0,0,CHECK,0,"['7s', '2s']","['4d', 'Ad']","['5d', '9h', '7d', 'As']",,6h,100,100
32,River,0,0,0,CHECK,0,"['7s', '2s']","['4d', 'Ad']","['5d', '9h', '7d', 'As', '8s']",,6h,100,100
32,River,1,0,0,CHECK,0,"['7s', '2s']","['4d', 'Ad']","['5d', '9h', '7d', 'As', '8s']",,6h,100,100
33,Pre-Flop,1,-100,100,DISCARD,0,"['2d', 'As']","['7s', '2s']","['9d', '8h']",,,1,1
33,Pre-Flop,1,-100,100,CALL,0,"['2d', 'As']","['7s', '3d']","['9d', '8h']",,2s,1,1
33,Pre-Flop,0,-100,100,RAISE,98,"['2d', 'As']","['7s', '3d']","['9d', '8h']",,2s,2,2
33,Pre-Flop,1,-100,100,CALL,0,"['2d', 'As']","['7s', '3d']","['9d', '8h']",,2s,2,2
33,Flop,1,-100,100,CHECK,0,"['2d', 'As']","['7s', '3d']","['9d', '8h', '3h']",,2s,100,100
33,Flop,0,-100,100,CHECK,0,"['2d', 'As']","['7s', '3d']","['9d', '8h', '3h']",,2s,100,100
33,Turn,1,-100,100,CHECK,0,"['2d', 'As']","['7s', '3d']","['9d', '8h', '3h', 'Ah']",,2s,100,100
33,Turn,0,-100,100,CHECK,0,"['2d', 'As']","['7s', '3d']","['9d', '8h', '3h', 'Ah']",,2s,100,100
33,River,1,-100,100,CHECK,0,"['2d', 'As']","['7s', '3d']","['9d', '8h', '3h', 'Ah', '9h']",,2s,100,100
33,River,0,-100,100,CHECK,0,"['2d', 'As']","['7s', '3d']","['9d', '8h', '3h', 'Ah', '9h']",,2s,100,100
34,Pre-Flop,0,0,0,RAISE,98,"['3d', '7d']","['Ah', '3h']","['2h', '2d']",,,1,1
34,Pre-Flop,1,0,0,DISCARD,0,"['3d', '7d']","['Ah', '3h']","['2h', '2d']",,,2,2
34,Pre-Flop,1,0,0,CALL,0,"['3d', '7d']","['5h', '3h']","['2h', '2d']",,Ah,2,2
34,Flop,0,0,0,CHECK,0,"['3d', '7d']","['5h', '3h']","['2h', '2d', '6s']",,Ah,100,100
34,Flop,1,0,0,CHECK,0,"['3d', '7d']","['5h', '3h']","['2h', '2d', '6s']",,Ah,100,100
34,Turn,0,0,0,CHECK,0,"['3d', '7d']","['5h', '3h']","['2h', '2d', '6s', '5d']",,Ah,100,100
34,Turn,1,0,0,CHECK,0,"['3d', '7d']","['5h', '3h']","['2h', '2d', '6s', '5d']",,Ah,100,100
34,River,0,0,0,CHECK,0,"['3d', '7d']","['5h', '3h']","['2h', '2d', '6s', '5d', '9h']",,Ah,100,100
34,River,1,0,0,CHECK,0,"['3d', '7d']","['5h', '3h']","['2h', '2d', '6s', '5d', '9h']",,Ah,100,100
35,Pre-Flop,1,-100,100,DISCARD,0,"['2d', '9s']","['9d', '5s']","['7d', '3s']",,,1,1
35,Pre-Flop,1,-100,100,CALL,0,"['2d', '9s']","['5h', '5s']","['7d', '3s']",,9d,1,1
35,Pre-Flop,0,-100,100,RAISE,98,"['2d', '9s']","['5h', '5s']","['7d', '3s']",,9d,2,2
35,Pre-Flop,1,-100,100,CALL,0,"['2d', '9s']","['5h', '5s']","['7d', '3s']",,9d,2,2
35,Flop,1,-100,100,CHECK,0,"['2d', '9s']","['5h', '5s']","['7d', '3s', '8s']",,9d,100,100
35,Flop,0,-100,100,CHECK,0,"['2d', '9s']","['5h', '5s']","['7d', '3s', '8s']",,9d,100,100
35,Turn,1,-100,100,CHECK,0,"['2d', '9s']","['5h', '5s']","['7d', '3s', '8s', '6s']",,9d,100,100
35,Turn,0,-100,100,CHECK,0,"['2d', '9s']","['5h', '5s']","['7d', '3s', '8s', '6s']",,9d,100,100
35,River,1,-100,100,CHECK,0,"['2d', '9s']","['5h', '5s']","['7d', '3s', '8s', '6s', '4d']",,9d,100,100
35,River,0,-100,100,CHECK,0,"['2d', '9s']","['5h', '5s']","['7d', '3s', '8s', '6s', '4d']",,9d,100,100
36,Pre-Flop,0,-200,200,RAISE,98,"['3d', '7s']","['Ah', '3h']","['9h', '8h']",,,1,1
36,Pre-Flop,1,-200,200,DISCARD,0,"['3d', '7s']","['Ah', '3h']","['9h', '8h']",,,2,2
36,Pre-Flop,1,-200,200,CALL,0,"['3d', '7s']","['Ad', '3h']","['9h', '8h']",,Ah,2,2
36,Flop,0,-200,200,CHECK,0,"['3d', '7s']","['Ad', '3h']","['9h', '8h', '7h']",,Ah,100,100
36,Flop,1,-200,200,CHECK,0,"['3d', '7s']","['Ad', '3h']","['9h', '8h', '7h']",,Ah,100,100
36,Turn,0,-200,200,CHECK,0,"['3d', '7s']","['Ad', '3h']","['9h', '8h', '7h', '7d']",,Ah,100,100
36,Turn,1,-200,200,CHECK,0,"['3d', '7s']","['Ad', '3h']","['9h', '8h', '7h', '7d']",,Ah,100,100
36,River,0,-200,200,CHECK,0,"['3d', '7s']","['Ad', '3h']","['9h', '8h', '7h', '7d', '2h']",,Ah,100,100
36,River,1,-200,200,CHECK,0,"['3d', '7s']","['Ad', '3h']","['9h', '8h', '7h', '7d', '2h']",,Ah,100,100
37,Pre-Flop,1,-300,300,DISCARD,0,"['Ad', '9s']","['6d', '4s']","['3s', '5s']",,,1,1
37,Pre-Flop,1,-300,300,CALL,0,"['Ad', '9s']","['6d', 'Ah']","['3s', '5s']",,4s,1,1
37,Pre-Flop,0,-300,300,RAISE,98,"['Ad', '9s']","['6d', 'Ah']","['3s', '5s']",,4s,2,2
37,Pre-Flop,1,-300,300,CALL,0,"['Ad', '9s']","['6d', 'Ah']","['3s', '5s']",,4s,2,2
37,Flop,1,-300,300,CHECK,0,"['Ad', '9s']","['6d', 'Ah']","['3s', '5s', 'As']",,4s,100,100
37,Flop,0,-300,300,CHECK,0,"['Ad', '9s']","['6d', 'Ah']","['3s', '5s', 'As']",,4s,100,100
37,Turn,1,-300,300,CHECK,0,"['Ad', '9s']","['6d', 'Ah']","['3s', '5s', 'As', '7d']",,4s,100,100
37,Turn,0,-300,300,CHECK,0,"['Ad', '9s']","['6d', 'Ah']","['3s', '5s', 'As', '7d']",,4s,100,100
37,River,1,-300,300,CHECK,0,"['Ad', '9s']","['6d', 'Ah']","['3s', '5s', 'As', '7d', '2d']",,4s,100,100
37,River,0,-300,300,CHECK,0,"['Ad', '9s']","['6d', 'Ah']","['3s', '5s', 'As', '7d', '2d']",,4s,100,100
38,Pre-Flop,0,-200,200,RAISE,98,"['Ah', '2s']","['2d', '6d']","['4d', '5d']",,,1,1
38,Pre-Flop,1,-200,200,DISCARD,0,"['Ah', '2s']","['2d', '6d']","['4d', '5d']",,,2,2
38,Pre-Flop,1,-200,200,CALL,0,"['Ah', '2s']","['9h', '6d']","['4d', '5d']",,2d,2,2
38,Flop,0,-200,200,CHECK,0,"['Ah', '2s']","['9h', '6d']","['4d', '5d', '7s']",,2d,100,100
38,Flop,1,-200,200,CHECK,0,"['Ah', '2s']","['9h', '6d']","['4d', '5d', '7s']",,2d,100,100
38,Turn,0,-200,200,CHECK,0,"['Ah', '2s']","['9h', '6d']","['4d', '5d', '7s', '7h']",,2d,100,100
38,Turn,1,-200,200,CHECK,0,"['Ah', '2s']","['9h', '6d']","['4d', '5d', '7s', '7h']",,2d,100,100
38,River,0,-200,200,CHECK,0,"['Ah', '2s']","['9h', '6d']","['4d', '5d', '7s', '7h', '2h']",,2d,100,100
38,River,1,-200,200,CHECK,0,"['Ah', '2s']","['9h', '6d']","['4d', '5d', '7s', '7h', '2h']",,2d,100,100
39,Pre-Flop,1,-100,100,DISCARD,0,"['2s', 'Ah']","['7d', '2d']","['7s', 'Ad']",,,1,1
39,Pre-Flop,1,-100,100,CALL,0,"['2s', 'Ah']","['7d', '2h']","['7s', 'Ad']",,2d,1,1
39,Pre-Flop,0,-100,100,RAISE,98,"['2s', 'Ah']","['7d', '2h']","['7s', 'Ad']",,2d,2,2
39,Pre-Flop,1,-100,100,CALL,0,"['2s', 'Ah']","['7d', '2h']","['7s', 'Ad']",,2d,2,2
39,Flop,1,-100,100,CHECK,0,"['2s', 'Ah']","['7d', '2h']","['7s', 'Ad', '8s']",,2d,100,100
39,Flop,0,-100,100,CHECK,0,"['2s', 'Ah']","['7d', '2h']","['7s', 'Ad', '8s']",,2d,100,100
39,Turn,1,-100,100,CHECK,0,"['2s', 'Ah']","['7d', '2h']","['7s', 'Ad', '8s', '3d']",,2d,100,100
39,Turn,0,-100,100,CHECK,0,"['2s', 'Ah']","['7d', '2h']","['7s', 'Ad', '8s', '3d']",,2d,100,100
39,River,1,-100,100,CHECK,0,"['2s', 'Ah']","['7d', '2h']","['7s', 'Ad', '8s', '3d', '6d']",,2d,100,100
39,River,0,-100,100,CHECK,0,"['2s', 'Ah']","['7d', '2h']","['7s', 'Ad', '8s', '3d', '6d']",,2d,100,100
40,Pre-Flop,0,0,0,RAISE,98,"['As', '4h']","['8h', '5s']","['9h', '3s']",,,1,1
40,Pre-Flop,1,0,0,DISCARD,0,"['As', '4h']","['8h', '5s']","['9h', '3s']",,,2,2
40,Pre-Flop,1,0,0,CALL,0,"['As', '4h']","['5h', '5s']","['9h', '3s']",,8h,2,2
40,Flop,0,0,0,CHECK,0,"['As', '4h']","['5h', '5s']","['9h', '3s', '9d']",,8h,100,100
40,Flop,1,0,0,CHECK,0,"['As', '4h']","['5h', '5s']","['9h', '3s', '9d']",,8h,100,100
40,Turn,0,0,0,CHECK,0,"['As', '4h']","['5h', '5s']","['9h', '3s', '9d', '4d']",,8h,100,100
40,Turn,1,0,0,CHECK,0,"['As', '4h']","['5h', '5s']","['9h', '3s', '9d', '4d']",,8h,100,100
40,River,0,0,0,CHECK,0,"['As', '4h']","['5h', '5s']","['9h', '3s', '9d', '4d', 'Ah']",,8h,100,100
40,River,1,0,0,CHECK,0,"['As', '4h']","['5h', '5s']","['9h', '3s', '9d', '4d', 'Ah']",,8h,100,100
41,Pre-Flop,1,100,-100,DISCARD,0,"['9h', '5h']","['3d', '9d']","['2s', '9s']",,,1,1
41,Pre-Flop,1,100,-100,CALL,0,"['9h', '5h']","['8d', '9d']","['2s', '9s']",,3d,1,1
41,Pre-Flop,0,100,-100,RAISE,98,"['9h', '5h']","['8d', '9d']","['2s', '9s']",,3d,2,2
41,Pre-Flop,1,100,-100,CALL,0,"['9h', '5h']","['8d', '9d']","['2s', '9s']",,3d,2,2
41,Flop,1,100,-100,CHECK,0,"['9h', '5h']","['8d', '9d']","['2s', '9s', '6d']",,3d,100,100
41,Flop,0,100,-100,CHECK,0,"['9h', '5h']","['8d', '9d']","['2s', '9s', '6d']",,3d,100,100
41,Turn,1,100,-100,CHECK,0,"['9h', '5h']","['8d', '9d']","['2s', '9s', '6d', '7d']",,3d,100,100
41,Turn,0,100,-100,CHECK,0,"['9h', '5h']","['8d', '9d']","['2s', '9s', '6d', '7d']",,3d,100,100
41,River,1,100,-100,CHECK,0,"['9h', '5h']","['8d', '9d']","['2s', '9s', '6d', '7d', '8h']",,3d,100,100
41,River,0,100,-100,CHECK,0,"['9h', '5h']","['8d', '9d']","['2s', '9s', '6d', '7d', '8h']",,3d,100,100
42,Pre-Flop,0,200,-200,RAISE,98,"['Ad', '2h']","['6s', 'As']","['5s', '6d']",,,1,1
42,Pre-Flop,1,200,-200,DISCARD,0,"['Ad', '2h']","['6s', 'As']","['5s', '6d']",,,2,2
42,Pre-Flop,1,200,-200,CALL,0,"['Ad', '2h']","['3s', 'As']","['5s', '6d']",,6s,2,2
42,Flop,0,200,-200,CHECK,0,"['Ad', '2h']","['3s', 'As']","['5s', '6d', '7h']",,6s,100,100
42,Flop,1,200,-200,CHECK,0,"['Ad', '2h']","['3s', 'As']","['5s', '6d', '7h']",,6s,100,100
42,Turn,0,200,-200,CHECK,0,"['Ad', '2h']","['3s', 'As']","['5s', '6d', '7h', '4d']",,6s,100,100
42,Turn,1,200,-200,CHECK,0,"['Ad', '2h']","['3s', 'As']","['5s', '6d', '7h', '4d']",,6s,100,100
42,River,0,200,-200,CHECK,0,"['Ad', '2h']","['3s', 'As']","['5s', '6d', '7h', '4d', '2d']",,6s,100,100
42,River,1,200,-200,CHECK,0,"['Ad', '2h']","['3s', 'As']","['5s', '6d', '7h', '4d', '2d']",,6s,100,100
43,Pre-Flop,1,100,-100,DISCARD,0,"['6h', '5d']","['2h', '7h']","['8d', '6d']",,,1,1
43,Pre-Flop,1,100,-100,CALL,0,"['6h', '5d']","['2h', '7s']","['8d', '6d']",,7h,1,1
43,Pre-Flop,0,100,-100,RAISE,98,"['6h', '5d']","['2h', '7s']","['8d', '6d']",,7h,2,2
43,Pre-Flop,1,100,-100,CALL,0,"['6h', '5d']","['2h', '7s']","['8d', '6d']",,7h,2,2
43,Flop,1,100,-100,CHECK,0,"['6h', '5d']","['2h', '7s']","['8d', '6d', 'As']",,7h,100,100
43,Flop,0,100,-100,CHECK,0,"['6h', '5d']","['2h', '7s']","['8d', '6d', 'As']",,7h,100,100
43,Turn,1,100,-100,CHECK,0,"['6h', '5d']","['2h', '7s']","['8d', '6d', 'As', '3h']",,7h,100,100
43,Turn,0,100,-100,CHECK,0,"['6h', '5d']","['2h', '7s']","['8d', '6d', 'As', '3h']",,7h,100,100
43,River,1,100,-100,CHECK,0,"['6h', '5d']","['2h', '7s']","['8d', '6d', 'As', '3h', '2d']",,7h,100,100
43,River,0,100,-100,CHECK,0,"['6h', '5d']","['2h', '7s']","['8d', '6d', 'As', '3h', '2d']",,7h,100,100
44,Pre-Flop,0,200,-200,RAISE,98,"['2s', '8s']","['8d', '7s']","['5h', '9h']",,,1,1
44,Pre-Flop,1,200,-200,DISCARD,0,"['2s', '8s']","['8d', '7s']","['5h', '9h']",,,2,2
44,Pre-Flop,1,200,-200,CALL,0,"['2s', '8s']","['8d', '6h']","['5h', '9h']",,7s,2,2
44,Flop,0,200,-200,CHECK,0,"['2s', '8s']","['8d', '6h']","['5h', '9h', '5s']",,7s,100,100
44,Flop,1,200,-200,CHECK,0,"['2s', '8s']","['8d', '6h']","['5h', '9h', '5s']",,7s,100,100
44,Turn,0,200,-200,CHECK,0,"['2s', '8s']","['8d', '6h']","['5h', '9h', '5s', '6s']",,7s,100,100
44,Turn,1,200,-200,CHECK,0,"['2s', '8s']","['8d', '6h']","['5h', '9h', '5s', '6s']",,7s,100,100
44,River,0,200,-200,CHECK,0,"['2s', '8s']","['8d', '6h']","['5h', '9h', '5s', '6s', '3d']",,7s,100,100
44,River,1,200,-200,CHECK,0,"['2s', '8s']","['8d', '6h']","['5h', '9h', '5s', '6s', '3d']",,7s,100,100
45,Pre-Flop,1,100,-100,DISCARD,0,"['5s', 'Ad']","['7h', '5h']","['2d', '3h']",,,1,1
45,Pre-Flop,1,100,-100,CALL,0,"['5s', 'Ad']","['8s', '5h']","['2d', '3h']",,7h,1,1
45,Pre-Flop,0,100,-100,RAISE,98,"['5s', 'Ad']","['8s', '5h']","['2d', '3h']",,7h,2,2
45,Pre-Flop,1,100,-100,CALL,0,"['5s', 'Ad']","['8s', '5h']","['2d', '3h']",,7h,2,2
45,Flop,1,100,-100,CHECK,0,"['5s', 'Ad']","['8s', '5h']","['2d', '3h', '6s']",,7h,100,100
45,Flop,0,100,-100,CHECK,0,"['5s', 'Ad']","['8s', '5h']","['2d', '3h', '6s']",,7h,100,100
45,Turn,1,100,-100,CHECK,0,"['5s', 'Ad']","['8s', '5h']","['2d', '3h', '6s', '6h']",,7h,100,100
45,Turn,0,100,-100,CHECK,0,"['5s', 'Ad']","['8s', '5h']","['2d', '3h', '6s', '6h']",,7h,100,100
45,River,1,100,-100,CHECK,0,"['5s', 'Ad']","['8s', '5h']","['2d', '3h', '6s', '6h', '9d']",,7h,100,100
45,River,0,100,-100,CHECK,0,"['5s', 'Ad']","['8s', '5h']","['2d', '3h', '6s', '6h', '9d']",,7h,100,100
46,Pre-Flop,0,200,-200,RAISE,98,"['9h', '5s']","['7h', '5d']","['7s', '2d']",,,1,1
46,Pre-Flop,1,200,-200,DISCARD,0,"['9h', '5s']","['7h', '5d']","['7s', '2d']",,,2,2
46,Pre-Flop,1,200,-200,CALL,0,"['9h', '5s']","['7h', '6s']","['7s', '2d']",,5d,2,2
46,Flop,0,200,-200,CHECK,0,"['9h', '5s']","['7h', '6s']","['7s', '2d', 'As']",,5d,100,100
46,Flop,1,200,-200,CHECK,0,"['9h', '5s']","['7h', '6s']","['7s', '2d', 'As']",,5d,100,100
46,Turn,0,200,-200,CHECK,0,"['9h', '5s']","['7h', '6s']","['7s', '2d', 'As', '5h']",,5d,100,100
46,Turn,1,200,-200,CHECK,0,"['9h', '5s']","['7h', '6s']","['7s', '2d', 'As', '5h']",,5d,100,100
46,River,0,200,-200,CHECK,0,"['9h', '5s']","['7h', '6s']","['7s', '2d', 'As', '5h', '6h']",,5d,100,100
46,River,1,200,-200,CHECK,0,"['9h', '5s']","['7h', '6s']","['7s', '2d', 'As', '5h', '6h']",,5d,100,100
47,Pre-Flop,1,100,-100,DISCARD,0,"['2s', '9h']","['3h', 'Ad']","['4h', '6h']",,,1,1
47,Pre-Flop,1,100,-100,CALL,0,"['2s', '9h']","['3h', 'Ah']","['4h', '6h']",,Ad,1,1
47,Pre-Flop,0,100,-100,RAISE,98,"['2s', '9h']","['3h', 'Ah']","['4h', '6h']",,Ad,2,2
47,Pre-Flop,1,100,-100,CALL,0,"['2s', '9h']","['3h', 'Ah']","['4h', '6h']",,Ad,2,2
47,Flop,1,100,-100,CHECK,0,"['2s', '9h']","['3h', 'Ah']","['4h', '6h', '8h']",,Ad,100,100
47,Flop,0,100,-100,CHECK,0,"['2s', '9h']","['3h', 'Ah']","['4h', '6h', '8h']",,Ad,100,100
47,Turn,1,100,-100,CHECK,0,"['2s', '9h']","['3h', 'Ah']","['4h', '6h', '8h', '7s']",,Ad,100,100
47,Turn,0,100,-100,CHECK,0,"['2s', '9h']","['3h', 'Ah']","['4h', '6h', '8h', '7s']",,Ad,100,100
47,River,1,100,-100,CHECK,0,"['2s', '9h']","['3h', 'Ah']","['4h', '6h', '8h', '7s', '4d']",,Ad,100,100
47,River,0,100,-100,CHECK,0,"['2s', '9h']","['3h', 'Ah']","['4h', '6h', '8h', '7s', '4d']",,Ad,100,100
48,Pre-Flop,0,0,0,RAISE,98,"['6d', '9h']","['7s', '9d']","['5h', '8s']",,,1,1
48,Pre-Flop,1,0,0,DISCARD,0,"['6d', '9h']","['7s', '9d']","['5h', '8s']",,,2,2
48,Pre-Flop,1,0,0,CALL,0,"['6d', '9h']","['7s', '4h']","['5h', '8s']",,9d,2,2
48,Flop,0,0,0,CHECK,0,"['6d', '9h']","['7s', '4h']","['5h', '8s', '8d']",,9d,100,100
48,Flop,1,0,0,CHECK,0,"['6d', '9h']","['7s', '4h']","['5h', '8s', '8d']",,9d,100,100
48,Turn,0,0,0,CHECK,0,"['6d', '9h']","['7s', '4h']","['5h', '8s', '8d', '6h']",,9d,100,100
48,Turn,1,0,0,CHECK,0,"['6d', '9h']","['7s', '4h']","['5h', '8s', '8d', '6h']",,9d,100,100
48,River,0,0,0,CHECK,0,"['6d', '9h']","['7s', '4h']","['5h', '8s', '8d', '6h', '3h']",,9d,100,100
48,River,1,0,0,CHECK,0,"['6d', '9h']","['7s', '4h']","['5h', '8s', '8d', '6h', '3h']",,9d,100,100
49,Pre-Flop,1,-100,100,DISCARD,0,"['5s', '4d']","['4s', '6d']","['8h', '4h']",,,1,1
49,Pre-Flop,1,-100,100,CALL,0,"['5s', '4d']","['2d', '6d']","['8h', '4h']",,4s,1,1
49,Pre-Flop,0,-100,100,RAISE,98,"['5s', '4d']","['2d', '6d']","['8h', '4h']",,4s,2,2
49,Pre-Flop,1,-100,100,CALL,0,"['5s', '4d']","['2d', '6d']","['8h', '4h']",,4s,2,2
49,Flop,1,-100,100,CHECK,0,"['5s', '4d']","['2d', '6d']","['8h', '4h', '7d']",,4s,100,100
49,Flop,0,-100,100,CHECK,0,"['5s', '4d']","['2d', '6d']","['8h', '4h', '7d']",,4s,100,100
49,Turn,1,-100,100,CHECK,0,"['5s', '4d']","['2d', '6d']","['8h', '4h', '7d', 'Ah']",,4s,100,100
49,Turn,0,-100,100,CHECK,0,"['5s', '4d']","['2d', '6d']","['8h', '4h', '7d', 'Ah']",,4s,100,100
49,River,1,-100,100,CHECK,0,"['5s', '4d']","['2d', '6d']","['8h', '4h', '7d', 'Ah', 'As']",,4s,100,100
49,River,0,-100,100,CHECK,0,"['5s', '4d']","['2d', '6d']","['8h', '4h', '7d', 'Ah', 'As']",,4s,100,100
50,Pre-Flop,0,0,0,RAISE,98,"['6d', '6h']","['4d', 'Ah']","['8s', '4h']",,,1,1
50,Pre-Flop,1,0,0,DISCARD,0,"['6d', '6h']","['4d', 'Ah']","['8s', '4h']",,,2,2
50,Pre-Flop,1,0,0,CALL,0,"['6d', '6h']","['As', 'Ah']","['8s', '4h']",,4d,2,2
50,Flop,0,0,0,CHECK,0,"['6d', '6h']","['As', 'Ah']","['8s', '4h', '7h']",,4d,100,100
50,Flop,1,0,0,CHECK,0,"['6d', '6h']","['As', 'Ah']","['8s', '4h', '7h']",,4d,100,100
50,Turn,0,0,0,CHECK,0,"['6d', '6h']","['As', 'Ah']","['8s', '4h', '7h', '3d']",,4d,100,100
50,Turn,1,0,0,CHECK,0,"['6d', '6h']","['As', 'Ah']","['8s', '4h', '7h', '3d']",,4d,100,100
50,River,0,0,0,CHECK,0,"['6d', '6h']","['As', 'Ah']","['8s', '4h', '7h', '3d', '5h']",,4d,100,100
50,River,1,0,0,CHECK,0,"['6d', '6h']","['As', 'Ah']","['8s', '4h', '7h', '3d', '5h']",,4d,100,100
51,Pre-Flop,1,100,-100,DISCARD,0,"['8d', '2s']","['3h', 'Ad']","['6h', '9h']",,,1,1
51,Pre-Flop,1,100,-100,CALL,0,"['8d', '2s']","['5h', 'Ad']","['6h', '9h']",,3h,1,1
51,Pre-Flop,0,100,-100,RAISE,98,"['8d', '2s']","['5h', 'Ad']","['6h', '9h']",,3h,2,2
51,Pre-Flop,1,100,-100,CALL,0,"['8d', '2s']","['5h', 'Ad']","['6h', '9h']",,3h,2,2
51,Flop,1,100,-100,CHECK,0,"['8d', '2s']","['5h', 'Ad']","['6h', '9h', '9s']",,3h,100,100
51,Flop,0,100,-100,CHECK,0,"['8d', '2s']","['5h', 'Ad']","['6h', '9h', '9s']",,3h,100,100
51,Turn,1,100,-100,CHECK,0,"['8d', '2s']","['5h', 'Ad']","['6h', '9h', '9s', '8h']",,3h,100,100
51,Turn,0,100,-100,CHECK,0,"['8d', '2s']","['5h', 'Ad']","['6h', '9h', '9s', '8h']",,3h,100,100
51,River,1,100,-100,CHECK,0,"['8d', '2s']","['5h', 'Ad']","['6h', '9h', '9s', '8h', '6s']",,3h,100,100
51,River,0,100,-100,CHECK,0,"['8d', '2s']","['5h', 'Ad']","['6h', '9h', '9s', '8h', '6s']",,3h,100,100
52,Pre-Flop,0,200,-200,RAISE,98,"['4h', '3h']","['6d', '9d']","['2d', '6h']",,,1,1
52,Pre-Flop,1,200,-200,DISCARD,0,"['4h', '3h']","['6d', '9d']","['2d', '6h']",,,2,2
52,Pre-Flop,1,200,-200,CALL,0,"['4h', '3h']","['6d', '5h']","['2d', '6h']",,9d,2,2
52,Flop,0,200,-200,CHECK,0,"['4h', '3h']","['6d', '5h']","['2d', '6h', '8d']",,9d,100,100
52,Flop,1,200,-200,CHECK,0,"['4h', '3h']","['6d', '5h']","['2d', '6h', '8d']",,9d,100,100
52,Turn,0,200,-200,CHECK,0,"['4h', '3h']","['6d', '5h']","['2d', '6h', '8d', '4d']",,9d,100,100
52,Turn,1,200,-200,CHECK,0,"['4h', '3h']","['6d', '5h']","['2d', '6h', '8d', '4d']",,9d,100,100
52,River,0,200,-200,CHECK,0,"['4h', '3h']","['6d', '5h']","['2d', '6h', '8d', '4d', '2s']",,9d,100,100
52,River,1,200,-200,CHECK,0,"['4h', '3h']","['6d', '5h']","['2d', '6h', '8d', '4d', '2s']",,9d,100,100
53,Pre-Flop,1,100,-100,DISCARD,0,"['Ah', '7h']","['4h', '3s']","['8d', '7d']",,,1,1
53,Pre-Flop,1,100,-100,CALL,0,"['Ah', '7h']","['4h', '6s']","['8d', '7d']",,3s,1,1
53,Pre-Flop,0,100,-100,RAISE,98,"['Ah', '7h']","['4h', '6s']","['8d', '7d']",,3s,2,2
53,Pre-Flop,1,100,-100,CALL,0,"['Ah', '7h']","['4h', '6s']","['8d', '7d']",,3s,2,2
53,Flop,1,100,-100,CHECK,0,"['Ah', '7h']","['4h', '6s']","['8d', '7d', '5d']",,3s,100,100
53,Flop,0,100,-100,CHECK,0,"['Ah', '7h']","['4h', '6s']","['8d', '7d', '5d']",,3s,100,100
53,Turn,1,100,-100,CHECK,0,"['Ah', '7h']","['4h', '6s']","['8d', '7d', '5d', '6h']",,3s,100,100
53,Turn,0,100,-100,CHECK,0,"['Ah', '7h']","['4h', '6s']","['8d', '7d', '5d', '6h']",,3s,100,100
53,River,1,100,-100,CHECK,0,"['Ah', '7h']","['4h', '6s']","['8d', '7d', '5d', '6h', '6d']",,3s,100,100
53,River,0,100,-100,CHECK,0,"['Ah', '7h']","['4h', '6s']","['8d', '7d', '5d', '6h', '6d']",,3s,100,100
54,Pre-Flop,0,0,0,RAISE,98,"['6s', '2h']","['5s', '6d']","['7h', '4s']",,,1,1
54,Pre-Flop,1,0,0,DISCARD,0,"['6s', '2h']","['5s', '6d']","['7h', '4s']",,,2,2
54,Pre-Flop,1,0,0,CALL,0,"['6s', '2h']","['7d', '6d']","['7h', '4s']",,5s,2,2
54,Flop,0,0,0,CHECK,0,"['6s', '2h']","['7d', '6d']","['7h', '4s', 'Ah']",,5s,100,100
54,Flop,1,0,0,CHECK,0,"['6s', '2h']","['7d', '6d']","['7h', '4s', 'Ah']",,5s,100,100
54,Turn,0,0,0,CHECK,0,"['6s', '2h']","['7d', '6d']","['7h', '4s', 'Ah', '8d']",,5s,100,100
54,Turn,1,0,0,CHECK,0,"['6s', '2h']","['7d', '6d']","['7h', '4s', 'Ah', '8d']",,5s,100,100
54,River,0,0,0,CHECK,0,"['6s', '2h']","['7d', '6d']","['7h', '4s', 'Ah', '8d', '2d']",,5s,100,100
54,River,1,0,0,CHECK,0,"['6s', '2h']","['7d', '6d']","['7h', '4s', 'Ah', '8d', '2d']",,5s,100,100
55,Pre-Flop,1,-100,100,DISCARD,0,"['2d', '2h']","['4h', '7h']","['2s', '3h']",,,1,1
55,Pre-Flop,1,-100,100,CALL,0,"['2d', '2h']","['4h', '3s']","['2s', '3h']",,7h,1,1
55,Pre-Flop,0,-100,100,RAISE,98,"['2d', '2h']","['4h', '3s']","['2s', '3h']",,7h,2,2
55,Pre-Flop,1,-100,100,CALL,0,"['2d', '2h']","['4h', '3s']","['2s', '3h']",,7h,2,2
55,Flop,1,-100,100,CHECK,0,"['2d', '2h']","['4h', '3s']","['2s', '3h', '5s']",,7h,100,100
55,Flop,0,-100,100,CHECK,0,"['2d', '2h']","['4h', '3s']","['2s', '3h', '5s']",,7h,100,100
55,Turn,1,-100,100,CHECK,0,"['2d', '2h']","['4h', '3s']","['2s', '3h', '5s', '5d']",,7h,100,100
55,Turn,0,-100,100,CHECK,0,"['2d', '2h']","['4h', '3s']","['2s', '3h', '5s', '5d']",,7h,100,100
55,River,1,-100,100,CHECK,0,"['2d', '2h']","['4h', '3s']","['2s', '3h', '5s', '5d', '7s']",,7h,100,100
55,River,0,-100,100,CHECK,0,"['2d', '2h']","['4h', '3s']","['2s', '3h', '5s', '5d', '7s']",,7h,100,100
56,Pre-Flop,0,0,0,RAISE,98,"['4s', '9d']","['5s', 'Ad']","['6h', '3h']",,,1,1
56,Pre-Flop,1,0,0,DISCARD,0,"['4s', '9d']","['5s', 'Ad']","['6h', '3h']",,,2,2
56,Pre-Flop,1,0,0,CALL,0,"['4s', '9d']","['5s', '9s']","['6h', '3h']",,Ad,2,2
56,Flop,0,0,0,CHECK,0,"['4s', '9d']","['5s', '9s']","['6h', '3h', '7d']",,Ad,100,100
56,Flop,1,0,0,CHECK,0,"['4s', '9d']","['5s', '9s']","['6h', '3h', '7d']",,Ad,100,100
56,Turn,0,0,0,CHECK,0,"['4s', '9d']","['5s', '9s']","['6h', '3h', '7d', '8h']",,Ad,100,100
56,Turn,1,0,0,CHECK,0,"['4s', '9d']","['5s', '9s']","['6h', '3h', '7d', '8h']",,Ad,100,100
56,River,0,0,0,CHECK,0,"['4s', '9d']","['5s', '9s']","['6h', '3h', '7d', '8h', '3s']",,Ad,100,100
56,River,1,0,0,CHECK,0,"['4s', '9d']","['5s', '9s']","['6h', '3h', '7d', '8h', '3s']",,Ad,100,100
57,Pre-Flop,1,-100,100,DISCARD,0,"['2d', '3h']","['7s', '4h']","['9h', '2h']",,,1,1
57,Pre-Flop,1,-100,100,CALL,0,"['2d', '3h']","['5s', '4h']","['9h', '2h']",,7s,1,1
57,Pre-Flop,0,-100,100,RAISE,98,"['2d', '3h']","['5s', '4h']","['9h', '2h']",,7s,2,2
57,Pre-Flop,1,-100,100,CALL,0,"['2d', '3h']","['5s', '4h']","['9h', '2h']",,7s,2,2
57,Flop,1,-100,100,CHECK,0,"['2d', '3h']","['5s', '4h']","['9h', '2h', '8d']",,7s,100,100
57,Flop,0,-100,100,CHECK,0,"['2d', '3h']","['5s', '4h']","['9h', '2h', '8d']",,7s,100,100
57,Turn,1,-100,100,CHECK,0,"['2d', '3h']","['5s', '4h']","['9h', '2h', '8d', '4s']",,7s,100,100
57,Turn,0,-100,100,CHECK,0,"['2d', '3h']","['5s', '4h']","['9h', '2h', '8d', '4s']",,7s,100,100
57,River,1,-100,100,CHECK,0,"['2d', '3h']","['5s', '4h']","['9h', '2h', '8d', '4s', '8h']",,7s,100,100
57,River,0,-100,100,CHECK,0,"['2d', '3h']","['5s', '4h']","['9h', '2h', '8d', '4s', '8h']",,7s,100,100
58,Pre-Flop,0,-200,200,RAISE,98,"['3s', '9d']","['5h', '7h']","['5s', 'As']",,,1,1
58,Pre-Flop,1,-200,200,DISCARD,0,"['3s', '9d']","['5h', '7h']","['5s', 'As']",,,2,2
58,Pre-Flop,1,-200,200,CALL,0,"['3s', '9d']","['5h', '4h']","['5s', 'As']",,7h,2,2
58,Flop,0,-200,200,CHECK,0,"['3s', '9d']","['5h', '4h']","['5s', 'As', '8h']",,7h,100,100
58,Flop,1,-200,200,CHECK,0,"['3s', '9d']","['5h', '4h']","['5s', 'As', '8h']",,7h,100,100
58,Turn,0,-200,200,CHECK,0,"['3s', '9d']","['5h', '4h']","['5s', 'As', '8h', '2s']",,7h,100,100
58,Turn,1,-200,200,CHECK,0,"['3s', '9d']","['5h', '4h']","['5s', 'As', '8h', '2s']",,7h,100,100
58,River,0,-200,200,CHECK,0,"['3s', '9d']","['5h', '4h']","['5s', 'As', '8h', '2s', '4d']",,7h,100,100
58,River,1,-200,200,CHECK,0,"['3s', '9d']","['5h', '4h']","['5s', 'As', '8h', '2s', '4d']",,7h,100,100
59,Pre-Flop,1,-100,100,DISCARD,0,"['9s', '4d']","['Ad', '4s']","['8s', '6d']",,,1,1
59,Pre-Flop,1,-100,100,CALL,0,"['9s', '4d']","['5d', '4s']","['8s', '6d']",,Ad,1,1
59,Pre-Flop,0,-100,100,RAISE,98,"['9s', '4d']","['5d', '4s']","['8s', '6d']",,Ad,2,2
59,Pre-Flop,1,-100,100,CALL,0,"['9s', '4d']","['5d', '4s']","['8s', '6d']",,Ad,2,2
59,Flop,1,-100,100,CHECK,0,"['9s', '4d']","['5d', '4s']","['8s', '6d', '6s']",,Ad,100,100
59,Flop,0,-100,100,CHECK,0,"['9s', '4d']","['5d', '4s']","['8s', '6d', '6s']",,Ad,100,100
59,Turn,1,-100,100,CHECK,0,"['9s', '4d']","['5d', '4s']","['8s', '6d', '6s', '3h']",,Ad,100,100
59,Turn,0,-100,100,CHECK,0,"['9s', '4d']","['5d', '4s']","['8s', '6d', '6s', '3h']",,Ad,100,100
59,River,1,-100,100,CHECK,0,"['9s', '4d']","['5d', '4s']","['8s', '6d', '6s', '3h', '4h']",,Ad,100,100
59,River,0,-100,100,CHECK,0,"['9s', '4d']","['5d', '4s']","['8s', '6d', '6s', '3h', '4h']",,Ad,100,100
60,Pre-Flop,0,0,0,RAISE,98,"['7s', '2s']","['4s', 'Ad']","['4h', '7d']",,,1,1
60,Pre-Flop,1,0,0,DISCARD,0,"['7s', '2s']","['4s', 'Ad']","['4h', '7d']",,,2,2
60,Pre-Flop,1,0,0,CALL,0,"['7s', '2s']","['4s', '7h']","['4h', '7d']",,Ad,2,2
60,Flop,0,0,0,CHECK,0,"['7s', '2s']","['4s', '7h']","['4h', '7d', '3d']",,Ad,100,100
60,Flop,1,0,0,CHECK,0,"['7s', '2s']","['4s', '7h']","['4h', '7d', '3d']",,Ad,100,100
60,Turn,0,0,0,CHECK,0,"['7s', '2s']","['4s', '7h']","['4h', '7d', '3d', '4d']",,Ad,100,100
60,Turn,1,0,0,CHECK,0,"['7s', '2s']","['4s', '7h']","['4h', '7d', '3d', '4d']",,Ad,100,100
60,River,0,0,0,CHECK,0,"['7s', '2s']","['4s', '7h']","['4h', '7d', '3d', '4d', '6d']",,Ad,100,100
60,River,1,0,0,CHECK,0,"['7s', '2s']","['4s', '7h']","['4h', '7d', '3d', '4d', '6d']",,Ad,100,100
61,Pre-Flop,1,-100,100,DISCARD,0,"['As', '3d']","['6d', '7s']","['6h', '4h']",,,1,1
61,Pre-Flop,1,-100,100,CALL,0,"['As', '3d']","['5s', '7s']","['6h', '4h']",,6d,1,1
61,Pre-Flop,0,-100,100,RAISE,98,"['As', '3d']","['5s', '7s']","['6h', '4h']",,6d,2,2
61,Pre-Flop,1,-100,100,CALL,0,"['As', '3d']","['5s', '7s']","['6h', '4h']",,6d,2,2
61,Flop,1,-100,100,CHECK,0,"['As', '3d']","['5s', '7s']","['6h', '4h', '2s']",,6d,100,100
61,Flop,0,-100,100,CHECK,0,"['As', '3d']","['5s', '7s']","['6h', '4h', '2s']",,6d,100,100
61,Turn,1,-100,100,CHECK,0,"['As', '3d']","['5s', '7s']","['6h', '4h', '2s', '7d']",,6d,100,100
61,Turn,0,-100,100,CHECK,0,"['As', '3d']","['5s', '7s']","['6h', '4h', '2s', '7d']",,6d,100,100
61,River,1,-100,100,CHECK,0,"['As', '3d']","['5s', '7s']","['6h', '4h', '2s', '7d', '9s']",,6d,100,100
61,River,0,-100,100,CHECK,0,"['As', '3d']","['5s', '7s']","['6h', '4h', '2s', '7d', '9s']",,6d,100,100
62,Pre-Flop,0,-200,200,RAISE,98,"['5d', 'As']","['3h', '2s']","['2h', '6d']",,,1,1
62,Pre-Flop,1,-200,200,DISCARD,0,"['5d', 'As']","['3h', '2s']","['2h', '6d']",,,2,2
62,Pre-Flop,1,-200,200,CALL,0,"['5d', 'As']","['6s', '2s']","['2h', '6d']",,3h,2,2
62,Flop,0,-200,200,CHECK,0,"['5d', 'As']","['6s', '2s']","['2h', '6d', '3s']",,3h,100,100
62,Flop,1,-200,200,CHECK,0,"['5d', 'As']","['6s', '2s']","['2h', '6d', '3s']",,3h,100,100
62,Turn,0,-200,200,CHECK,0,"['5d', 'As']","['6s', '2s']","['2h', '6d', '3s', '3d']",,3h,100,100
